{"train_loss": [0.8720054112631699, 0.8580769608760702, 0.8498898621263176, 0.8372233078397554, 0.8222796505895155, 0.8178833332555048, 0.8103093361032421, 0.801200860533221, 0.7943961990290674, 0.7920197289565514, 0.7849398625308069, 0.7762639358125883, 0.7783394640889661, 0.7746240537742088, 0.7747651461897225, 0.7695503604823145, 0.771608552028393, 0.7718720271669585, 0.7717383750553789, 0.7688223226317044], "test_loss": [0.8748642802238464, 0.8618118166923523, 0.8516635298728943, 0.8415680527687073, 0.8307169675827026, 0.8274638652801514, 0.8244867324829102, 0.8245338201522827, 0.8213825821876526, 0.8191154599189758, 0.8189374804496765, 0.8144587278366089, 0.8153176307678223, 0.815442681312561, 0.8125519752502441, 0.8156145811080933, 0.8162309527397156, 0.8136383295059204, 0.8127167224884033, 0.8136781454086304], "test_acc": [0.48245614767074585, 0.5087719559669495, 0.5263158082962036, 0.5438596606254578, 0.5614035129547119, 0.6140350699424744, 0.6228070259094238, 0.6315789222717285, 0.6315789222717285, 0.6578947305679321, 0.640350878238678, 0.6666666865348816, 0.6754385828971863, 0.6666666865348816, 0.6666666865348816, 0.6842105388641357, 0.6842105388641357, 0.6842105388641357, 0.6929824352264404, 0.6666666865348816]}